month,cpi
2024-01,98.63666518
2024-02,105.5175196
2024-03,101.9430327
2024-04,106.4576494
2024-05,98.11172748
2024-06,102.0219677
2024-07,97.20087884
2024-08,97.81088453
2024-09,94.64450673
2024-10,101.2790308
2024-11,98.81222729
2024-12,97.77521522
2025-01,103.2193189
2025-02,97.90745612
2025-03,99.19778555
2025-04,106.9639866
2025-05,97.773401
2025-06,110.5594069
2025-07,102.2814947
2025-08,103.690214
2025-09,99.35392513
2025-10,93.90087274
2025-11,104.2096678
2025-12,101.5568677
2026-01,102.85
2026-02,103.4
2026-03,104.15
2026-04,105.6
2026-05,104.9
2026-06,106.35
2026-07,105.8
2026-08,106.7
